CustomerID,LiveRiskScore,LivePrediction,ActualChurn,LiveSegment
52213,0.0016641658,0,0,1
50775,0.0021164692,0,0,1
52880,0.0022803084,0,0,1
55436,0.0029071213,0,0,1
50590,0.0029696098,0,0,1
52060,0.0037154737,0,0,1
50886,0.0037418536,0,0,1
53442,0.0040369085,0,0,1
54695,0.0044590235,0,0,1
54018,0.0046053994,0,0,1
50627,0.0051639555,0,0,1
51965,0.0058992356,0,0,1
51706,0.0063844724,0,0,1
53099,0.0070088115,0,0,1
53310,0.00770925,0,0,1
53590,0.0078447545,0,0,1
51444,0.007848563,0,0,1
53307,0.008897421,0,0,1
51565,0.008909384,0,0,1
52240,0.009054637,0,0,1
50155,0.0095317885,0,0,1
51079,0.010401864,0,0,1
54026,0.010673418,0,0,1
53495,0.010688359,0,0,1
50952,0.010863813,0,0,1
55083,0.011253352,0,0,1
53092,0.011462845,0,0,1
51897,0.011868631,0,0,1
52647,0.012803212,0,0,1
50446,0.01288801,0,0,1
53744,0.013220476,0,0,1
52720,0.013490231,0,0,1
53570,0.013588596,0,0,1
53893,0.013735267,0,0,1
52476,0.0138991,0,0,1
51419,0.014606871,0,0,1
52646,0.015023485,0,0,1
54680,0.016568042,0,0,1
51411,0.016643917,0,0,1
55462,0.016777027,0,0,1
52239,0.01732368,0,0,1
50619,0.018101102,0,0,1
51405,0.018723851,0,0,1
53070,0.01921313,0,0,1
53318,0.019225042,0,0,1
50636,0.019457553,0,0,1
53584,0.020237166,0,0,1
52399,0.021134501,0,0,1
54804,0.022302793,0,0,1
54192,0.022641623,0,0,1
53252,0.022666594,0,0,1
50159,0.022696003,0,0,1
54722,0.022714535,0,0,1
55471,0.02294833,0,0,1
50151,0.0233193,0,0,1
52698,0.023404052,0,0,1
51058,0.023532895,0,0,1
50301,0.024711411,0,0,1
54948,0.02543775,0,0,1
54430,0.02598208,0,0,1
54860,0.026505385,0,0,1
55052,0.027784731,0,0,1
51933,0.028530052,0,0,1
53821,0.02871181,0,0,1
51592,0.028922373,0,0,1
50493,0.028970972,0,0,1
53404,0.029255671,0,0,1
53217,0.029464936,0,0,1
52586,0.02984287,0,0,1
52493,0.030105146,0,0,1
50602,0.030118436,0,0,1
52605,0.030246112,0,0,1
54080,0.030260969,0,0,1
51475,0.030694637,0,0,1
51959,0.03080322,0,0,1
52281,0.031205602,0,0,1
53304,0.03162834,0,0,1
52390,0.032572545,0,0,1
50286,0.03276452,0,0,1
53406,0.033572614,0,0,1
53451,0.033733096,0,0,1
54901,0.034833897,0,0,1
53265,0.036201604,0,0,1
50468,0.03719566,0,0,1
52118,0.037298135,0,0,1
55110,0.038273353,0,0,1
52898,0.040684585,0,0,1
52042,0.04158341,0,0,1
52501,0.042144068,0,0,1
51176,0.042290375,0,0,1
53355,0.042617068,0,0,1
50163,0.04357772,0,0,1
53267,0.043626722,0,0,1
52079,0.044163708,0,0,1
50589,0.045563698,0,0,1
52974,0.046623413,0,0,1
50182,0.046872113,0,0,1
52973,0.048951216,0,0,1
51686,0.0492689,0,0,1
50634,0.050278008,0,0,1
51757,0.050672963,0,0,1
55161,0.051461432,0,0,1
52260,0.051964674,0,0,1
52225,0.052018393,0,0,1
52621,0.05214436,0,0,1
50817,0.054106522,0,0,1
53538,0.055343263,0,0,1
50287,0.05584501,0,0,1
55578,0.057080377,0,0,1
53474,0.057284568,0,0,1
54649,0.057366014,0,0,1
50267,0.05824599,0,0,1
51406,0.05828325,0,0,1
52512,0.058519065,0,0,2
51570,0.059138697,0,0,2
52045,0.0604347,0,0,2
53013,0.06262852,0,0,2
54966,0.06270826,0,0,2
53669,0.06453804,0,0,2
51970,0.06635057,0,0,2
50031,0.066811725,0,0,2
53918,0.066930324,0,0,2
51904,0.06738988,0,0,2
50402,0.067466035,0,0,2
55338,0.067555405,0,0,2
53714,0.06843836,0,0,2
54078,0.06986883,0,0,2
53755,0.069990955,0,0,2
50106,0.070817806,0,0,2
51014,0.07321614,0,0,2
53278,0.07765805,0,0,2
53582,0.07786393,0,0,2
53955,0.078592576,0,0,2
52533,0.07929486,0,0,2
52209,0.07998789,0,0,2
54160,0.08370739,0,0,2
55061,0.08698568,0,0,2
54043,0.08728626,0,0,2
51103,0.08753151,0,0,2
51843,0.0881258,0,0,2
54811,0.08935538,0,0,2
53974,0.089840926,0,0,2
52654,0.09004814,0,0,2
53678,0.09061491,0,0,2
54393,0.09191595,0,0,2
52347,0.09324102,0,0,2
54549,0.093589485,0,0,2
53426,0.09371887,0,0,2
54248,0.09392886,0,0,2
52022,0.09503342,0,0,2
53816,0.0952729,0,0,2
53081,0.09974322,0,0,2
51358,0.10037472,0,0,2
55420,0.1010609,0,0,2
53086,0.10193888,0,0,2
52484,0.10304635,0,0,2
51293,0.10529792,0,0,2
54236,0.10687912,0,0,2
55239,0.107993186,0,0,2
52364,0.10808139,0,0,2
52251,0.10823465,0,0,2
51292,0.110847086,0,0,2
54433,0.11532694,0,0,2
53543,0.11546342,0,0,2
55241,0.11597533,0,0,2
50307,0.11789724,0,0,2
54757,0.120505005,0,0,2
52963,0.121391274,0,0,2
51130,0.12158267,0,0,2
51699,0.12247774,0,0,2
55316,0.12552948,0,0,2
53509,0.12860757,0,0,2
51066,0.13061222,0,0,2
50142,0.13417152,0,0,2
51644,0.13807899,0,0,2
53340,0.13965659,0,0,2
52091,0.14019707,0,0,2
52504,0.14036146,0,0,2
54485,0.14082071,0,0,2
51759,0.14239244,0,0,2
50835,0.14344834,0,0,2
50719,0.14462115,0,0,2
50157,0.14663768,0,0,2
50473,0.14682099,0,0,2
53135,0.14835218,0,0,2
54904,0.1496669,0,0,2
52305,0.14982326,0,0,2
50064,0.15013753,0,0,2
54317,0.15113473,0,0,2
50606,0.15173554,0,0,2
54894,0.15292954,0,0,2
51123,0.15364483,0,0,2
50650,0.15380505,0,0,2
52120,0.15380505,0,0,2
53528,0.15525794,0,0,2
53574,0.15701595,0,0,2
55577,0.15735677,0,0,2
52764,0.15774876,0,0,2
51612,0.15830043,0,0,2
55184,0.15860769,0,0,2
52418,0.15896238,0,0,2
51216,0.15979071,0,0,2
55139,0.15994872,0,0,2
52334,0.16105191,0,0,2
52692,0.16167486,0,0,2
50670,0.16319373,0,0,2
50134,0.16333355,0,0,2
51310,0.16478223,0,0,2
51238,0.16622847,0,0,2
54243,0.16815092,0,0,2
51534,0.16871274,0,0,2
55389,0.17187217,0,0,2
52511,0.17267556,0,0,2
50485,0.17343368,0,0,2
52949,0.17521697,0,0,2
55413,0.17765048,0,0,2
52890,0.18102619,0,0,2
50214,0.18570112,0,0,2
54547,0.18661736,0,0,2
54873,0.18764998,0,0,2
50702,0.18861046,0,0,2
53995,0.19225094,0,0,2
51421,0.19311881,0,0,2
52630,0.19317083,0,0,2
50701,0.19580166,0,0,2
54232,0.19645856,0,0,2
54683,0.19893935,0,0,3
50180,0.19917133,0,0,3
51655,0.20473853,0,0,3
50844,0.20475383,0,0,3
51016,0.20617121,0,0,3
50697,0.20681058,0,0,3
53720,0.21098936,0,0,3
51951,0.21119718,0,0,3
50324,0.21425498,0,0,3
52466,0.21931033,0,0,3
53371,0.22034371,0,0,3
55264,0.22109234,0,0,3
54156,0.2223427,0,0,3
51194,0.22254792,0,0,3
52756,0.22578311,0,0,3
53273,0.22668992,0,0,3
53016,0.22677688,0,0,3
50821,0.2276686,0,0,3
53104,0.23057677,0,0,3
54898,0.23078379,0,0,3
54605,0.23197886,0,0,3
54480,0.23460555,0,0,3
50877,0.23501864,0,0,3
51074,0.23766817,0,0,3
53592,0.23768842,0,0,3
50669,0.239211,0,0,3
50898,0.24000348,0,0,3
54571,0.245228,0,0,3
53521,0.24690008,0,0,3
50954,0.24811812,0,0,3
51168,0.24918683,0,0,3
50905,0.25150558,0,0,3
54171,0.25190687,0,0,3
50942,0.25276345,0,0,3
50792,0.2550148,0,0,3
54394,0.25748158,0,0,3
52023,0.2574981,0,0,3
52170,0.25752038,0,0,3
55009,0.2579531,0,0,3
54595,0.25971442,0,0,3
55555,0.26016122,0,0,3
50833,0.26074415,0,0,3
52488,0.26233095,0,0,3
54510,0.26237372,0,0,3
53849,0.2644101,0,0,3
51616,0.26664963,0,0,3
51845,0.26793694,0,0,3
54493,0.26888382,0,0,3
50421,0.26947647,0,0,3
51857,0.2704455,0,0,3
52661,0.2709434,0,0,3
50651,0.27552944,0,0,3
55612,0.27646494,0,0,3
54880,0.27842328,0,0,3
54796,0.27948815,0,0,3
55075,0.27961257,0,0,3
52241,0.28077435,0,0,3
51055,0.28082162,0,0,3
50357,0.28191885,0,0,3
54770,0.28265736,0,0,3
54277,0.28307766,0,0,3
53367,0.28551382,0,0,3
53101,0.28931814,0,0,3
52677,0.29229188,0,0,3
53983,0.29347244,0,0,3
50553,0.29446948,0,0,3
55189,0.29668897,0,0,3
50187,0.29748175,0,0,3
53300,0.29765183,0,0,3
52867,0.30025354,0,0,3
51847,0.30178046,0,0,3
52766,0.30540615,0,0,3
54982,0.30583373,0,0,3
55022,0.30947822,0,0,3
50218,0.310433,0,0,3
50756,0.31391346,0,0,3
51407,0.31701773,0,0,3
52474,0.32089806,0,0,3
50206,0.3220523,0,0,3
51597,0.3233617,0,0,3
52877,0.32371432,0,0,3
51296,0.32532352,0,0,3
52797,0.3271354,0,0,3
51651,0.32957304,0,0,3
50675,0.3309318,0,0,3
52280,0.33240354,0,0,3
50896,0.3331518,0,0,3
54468,0.33726063,0,0,3
53449,0.3374825,0,0,3
51095,0.33830196,0,0,3
53029,0.33889586,0,0,3
51544,0.34535202,0,0,3
52145,0.34812915,0,0,3
53514,0.34990147,0,0,3
52128,0.3516606,0,0,3
53432,0.351808,0,0,3
54455,0.35201553,0,0,3
54512,0.3523663,0,0,3
55541,0.35422948,0,0,3
51773,0.35434678,0,0,3
50247,0.35593942,0,0,3
55437,0.3567279,0,0,3
52381,0.36479464,0,0,3
51476,0.36630872,0,0,3
54499,0.367276,0,0,3
51968,0.36746174,0,0,3
52565,0.37474263,0,0,3
50949,0.37534603,0,0,3
51672,0.37594995,0,0,3
52864,0.37977755,0,0,3
54984,0.38130248,0,0,3
54498,0.3844366,0,0,3
55350,0.38459253,0,0,4
54532,0.38514045,0,0,4
53517,0.3882951,0,0,4
54320,0.3898773,0,0,4
55143,0.39013174,0,0,4
53475,0.3944987,0,0,4
51658,0.3945347,0,0,4
54778,0.3955781,0,0,4
53002,0.398203,0,0,4
50516,0.4064675,0,0,4
52591,0.40758342,0,0,4
52116,0.409404,0,0,4
51282,0.41079098,0,0,4
52750,0.41084772,0,0,4
53992,0.41085207,0,0,4
53889,0.42316616,0,0,4
52922,0.42522302,0,0,4
52489,0.4296927,0,0,4
53031,0.43013278,0,0,4
52906,0.4333911,0,0,4
53777,0.4358819,0,0,4
50263,0.43616077,0,0,4
53549,0.43679503,0,0,4
54284,0.43942156,0,0,4
52789,0.44168302,0,0,4
53571,0.44494122,0,0,4
51049,0.44673914,0,0,4
50970,0.4486472,0,0,4
50114,0.45273957,0,0,4
53705,0.45447332,0,0,4
54469,0.4626476,0,0,4
50174,0.465424,0,0,4
52611,0.46730363,0,0,4
51981,0.47599977,0,0,4
54783,0.47628382,0,0,4
53005,0.47850427,0,0,4
55116,0.49308607,0,0,4
54801,0.4936369,0,0,4
52026,0.4939926,0,0,4
54385,0.50116444,0,0,4
50382,0.5025304,0,0,4
54535,0.5055307,0,0,4
54633,0.5056238,0,0,4
55268,0.5113511,0,0,4
50766,0.512255,0,0,4
53035,0.5131866,0,0,4
51831,0.5137479,0,0,4
50502,0.5147199,0,0,4
54538,0.5152533,0,0,4
53505,0.51641387,0,0,4
50296,0.51688343,0,0,4
55132,0.517193,0,0,4
54652,0.5203569,0,0,4
50758,0.52062505,0,0,4
52007,0.52072656,0,0,4
50679,0.5228571,0,0,4
55531,0.52770346,0,0,4
50320,0.5363653,0,0,4
54291,0.5396798,0,0,4
53140,0.53990465,0,0,4
52368,0.5403311,0,0,4
51315,0.5410399,0,0,4
55520,0.5412603,0,0,4
53162,0.5442299,0,0,4
51637,0.547272,0,0,4
54918,0.5479457,0,0,4
51649,0.55417746,0,0,4
53910,0.55422556,0,0,4
54973,0.5563983,0,0,4
54392,0.56621975,0,0,4
53188,0.5690713,0,0,4
53473,0.569632,0,0,4
54927,0.57368684,0,0,4
50179,0.5751607,0,0,4
52449,0.57846653,0,0,4
52383,0.5799078,0,0,4
54240,0.5805264,0,0,4
54995,0.58054185,0,0,4
54007,0.5857017,0,0,4
54642,0.59287673,0,0,4
52602,0.59513456,0,0,4
53739,0.5978287,0,0,4
53508,0.60545,0,0,4
54048,0.6100228,0,0,4
51519,0.6113425,0,0,4
55396,0.62200224,0,0,4
54092,0.624115,0,0,4
52770,0.6295499,0,0,4
53719,0.6324629,0,0,4
51590,0.6335402,0,0,4
55124,0.6374313,0,0,4
54101,0.64066553,0,0,4
50827,0.64116687,0,0,4
54473,0.64397496,0,0,4
52228,0.6512027,0,0,4
53808,0.65942496,0,0,4
52558,0.6597296,0,0,4
55202,0.67240816,0,0,4
50176,0.6753365,0,0,4
55447,0.67577225,0,0,4
51039,0.6931538,0,0,4
50103,0.6935419,0,0,4
54625,0.69514143,0,0,4
51190,0.70747095,0,0,4
53645,0.7095266,0,0,4
54866,0.7177065,0,0,4
50750,0.72099656,0,0,4
53622,0.72413456,0,0,4
53095,0.7335674,0,0,4
54803,0.73702717,0,0,4
52581,0.7385896,0,0,4
50073,0.7421162,0,0,4
51543,0.7421162,0,0,4
51005,0.743697,0,0,5
52475,0.743697,0,0,5
53172,0.74800146,0,0,5
50563,0.7503923,0,0,5
55450,0.7610863,0,0,5
51199,0.7622581,0,0,5
54257,0.76347065,0,0,5
54871,0.77646935,0,0,5
50036,0.7811848,0,0,5
52865,0.78476465,0,0,5
54335,0.78476465,0,0,5
52266,0.7919739,0,0,5
52444,0.79413486,0,0,5
53569,0.79820037,0,0,5
51924,0.80023885,0,0,5
50248,0.8187244,0,0,5
51339,0.8187635,0,0,5
51279,0.81930923,0,0,5
50403,0.82081324,0,0,5
55260,0.8225347,0,0,5
52413,0.8234458,0,0,5
50773,0.82479,0,0,5
51603,0.8322148,0,0,5
54709,0.84315145,0,0,5
52032,0.8538399,0,0,5
54986,0.8614322,0,0,5
52943,0.86234117,0,0,5
52745,0.86837125,0,0,5
50940,0.8733347,0,0,5
50454,0.8761566,0,0,5
53586,0.8791092,0,0,5
50213,0.882757,0,0,5
54100,0.88869864,0,0,5
54336,0.8966646,0,0,5
53836,0.9010967,0,0,5
55306,0.9010967,0,0,5
51930,0.90228885,0,0,5
52074,0.90374386,0,0,5
54879,0.90787673,0,0,5
50579,0.91081274,0,0,5
55068,0.92377204,0,0,5
53302,0.9537952,0,0,5
54427,0.9696697,0,0,5
51295,0.9720688,0,0,5
51894,0.9724062,0,0,5
51723,0.97972965,0,0,5
55581,0.9820082,0,0,5
51765,0.9882697,0,0,5
53738,0.9891762,0,0,5
51598,0.9973018,0,0,5
52844,1.0006534,0,0,5
52317,1.0035257,0,0,5
54787,1.004615,0,0,5
54329,1.0162935,0,0,5
54180,1.0214033,0,0,5
51802,1.026679,0,0,5
53610,1.0280938,0,0,5
50448,1.0309716,0,0,5
52149,1.0383216,0,0,5
50918,1.0394174,0,0,5
54209,1.059214,0,0,5
51394,1.0596888,0,0,5
53908,1.0604265,0,0,5
55047,1.068386,0,0,5
53317,1.0954317,0,0,5
54342,1.1070964,0,0,5
55519,1.1095717,0,0,5
52069,1.1119082,0,0,5
54718,1.1182053,0,0,5
54298,1.1340679,0,0,5
50983,1.1387044,0,0,5
53796,1.1397635,0,0,5
53229,1.1444997,0,0,5
52230,1.1726974,0,0,5
54054,1.1830808,0,0,5
53349,1.1878564,0,0,5
51514,1.1949658,0,0,5
51776,1.1974868,0,0,5
53377,1.2015928,0,0,5
52396,1.2113063,0,0,5
53811,1.2123339,0,0,5
50285,1.2175221,0,0,5
53947,1.2186192,0,0,5
51581,1.2267507,0,0,5
51247,1.2297155,0,0,5
51966,1.2483202,0,0,5
53093,1.2497431,0,0,5
54563,1.2497431,0,0,5
55485,1.2499408,0,0,5
53445,1.2565985,0,0,5
50186,1.2715062,0,0,5
51316,1.2748519,0,0,5
52290,1.2753736,0,0,5
54589,1.275502,0,0,5
50753,1.276382,0,0,5
52243,1.2765749,0,0,5
52498,1.299808,0,0,5
50584,1.3009562,0,0,5
54981,1.3029925,0,0,5
51256,1.3075024,0,0,5
52024,1.3140315,0,0,5
51624,1.3168572,0,0,5
54190,1.318326,0,0,5
52801,1.3320214,0,0,5
55507,1.342876,0,0,5
54739,1.3571588,0,0,5
54158,1.3591142,0,0,5
50984,1.360961,0,0,5
53784,1.3628801,0,0,5
55090,1.3774666,0,0,5
51811,1.3953165,0,0,5
51521,1.4052807,0,0,5
54964,1.4075779,0,0,6
52397,1.4115524,0,0,6
53436,1.4153657,0,0,6
52223,1.422758,0,0,6
52440,1.4337145,0,0,6
50166,1.4512653,0,0,6
50881,1.467802,0,0,6
53804,1.4699496,0,0,6
52465,1.4834074,0,0,6
51583,1.4835726,0,0,6
51101,1.488212,0,0,6
53629,1.5050749,0,0,6
53399,1.5082783,0,0,6
52450,1.5160631,0,0,6
51909,1.5161505,0,0,6
52283,1.5291456,0,0,6
54128,1.5348022,0,0,6
54899,1.5355532,0,0,6
51792,1.5435374,0,0,6
51609,1.544387,0,0,6
54808,1.5466646,0,0,6
50800,1.5812714,0,0,6
55421,1.6101416,0,0,6
55456,1.6227921,0,0,6
55616,1.6228173,0,0,6
53778,1.6265943,0,0,6
53805,1.6474185,0,0,6
53993,1.6477392,0,0,6
50661,1.6788629,0,0,6
50335,1.6813252,0,0,6
51805,1.6813252,0,0,6
54384,1.6881777,0,0,6
52575,1.6915183,0,0,6
53949,1.7070006,0,0,6
54508,1.7092894,0,0,6
52670,1.7227159,0,0,6
55084,1.7326055,0,0,6
55103,1.7463926,0,0,6
55481,1.7479675,0,0,6
52092,1.7519271,0,0,6
55001,1.7699543,0,0,6
55029,1.7715709,0,0,6
50097,1.771712,0,0,6
51136,1.7722772,0,0,6
51730,1.7729098,0,0,6
53485,1.7770059,0,0,6
53138,1.7851657,0,0,6
53601,1.8062413,0,0,6
52538,1.8271257,0,0,6
54832,1.8392937,0,0,6
53782,1.8431239,0,0,6
50192,1.8583181,0,0,6
50308,1.8596461,0,0,6
55523,1.8694084,0,0,6
53655,1.8694503,0,0,6
50799,1.8780059,0,0,6
54041,1.8855201,0,0,6
50786,1.8884648,0,0,6
51169,1.9058638,0,0,6
50265,1.911032,0,0,6
50260,1.9126134,0,0,6
55104,1.9409444,0,0,6
53511,1.9692751,0,0,6
51021,1.9783772,0,0,6
52952,2.0063071,0,0,6
55615,2.0110457,0,0,6
55290,2.0110533,0,0,6
53038,2.0356293,0,0,6
50118,2.0464985,0,0,6
55463,2.0625746,0,0,6
52580,2.0644908,0,0,6
54848,2.0705426,0,0,6
55390,2.08118,0,0,6
51159,2.1129644,0,0,6
55064,2.1246119,0,0,6
55046,2.1282425,0,0,6
52776,2.128309,0,0,6
54969,2.1337907,0,0,6
54021,2.1459153,0,0,6
52479,2.145925,0,0,6
54382,2.1825202,0,0,6
52676,2.212107,0,0,6
53319,2.215685,0,0,6
51260,2.250124,0,0,6
55147,2.2755578,0,0,6
55387,2.2871232,0,0,6
52192,2.2970884,0,0,6
51068,2.3089468,0,0,6
51242,2.3724823,0,0,6
53693,2.3997927,0,0,6
53871,2.463479,0,0,6
53696,2.4731872,0,0,6
53780,2.4798243,0,0,6
53293,2.4867616,0,0,6
52348,2.5489666,0,0,6
50698,2.5892987,0,0,6
53500,2.59292,0,0,6
52391,2.612117,0,0,6
50161,2.6453354,0,0,6
51574,2.6795642,0,0,6
50089,2.7196386,0,0,6
51418,2.7233102,0,0,6
52339,2.7249963,0,0,6
53447,2.72621,0,0,6
53433,2.7567441,0,0,6
54075,2.8196533,0,0,6
55274,2.8230348,0,0,6
54147,2.90127,0,0,6
50931,2.9330492,0,0,6
52401,2.9330492,0,0,6
51398,2.9371774,0,0,6
50418,2.9599876,0,0,6
55067,2.9670117,0,0,6
52562,2.9749267,0,0,7
52000,3.055331,0,0,7
50866,3.0581214,0,0,7
52968,3.0720286,0,0,7
50043,3.079007,0,0,7
51399,3.0801957,0,0,7
55280,3.1092186,0,0,7
52639,3.1401901,0,0,7
51890,3.1433363,0,0,7
54677,3.176688,0,0,7
52349,3.1767428,0,0,7
54372,3.2041445,0,0,7
53381,3.2157507,0,0,7
55151,3.2272007,0,0,7
53556,3.2301161,0,0,7
54238,3.266349,0,0,7
50774,3.309321,0,0,7
54098,3.3191848,0,0,7
52490,3.3775826,0,0,7
51512,3.3896587,0,0,7
54939,3.4472828,0,0,7
54369,3.4886487,0,0,7
50994,3.488869,0,0,7
53761,3.5341616,0,0,7
53933,3.5374653,0,0,7
54507,3.5912693,0,0,7
51393,3.6403034,0,0,7
53091,3.6462123,0,0,7
50056,3.651724,0,0,7
53929,3.6825113,0,0,7
53234,3.7917,0,0,7
53363,3.792454,0,0,7
55176,3.8402934,0,0,7
54319,3.8627129,0,0,7
50251,3.9024107,0,0,7
54628,4.0084586,0,0,7
50895,4.02784,0,0,7
50030,4.037147,0,0,7
53842,4.0728354,0,0,7
55180,4.0806103,0,0,7
52642,4.094777,0,0,7
50649,4.1087575,0,0,7
51797,4.1184764,0,0,7
55403,4.1235614,0,0,7
54276,4.148042,0,0,7
50580,4.189865,0,0,7
54929,4.194358,0,0,7
55036,4.3032575,0,0,7
52572,4.306675,0,0,7
50078,4.3293495,0,0,7
51548,4.3293495,0,0,7
52599,4.356846,0,0,7
54631,4.3843927,0,0,7
54930,4.4212036,0,0,7
51437,4.500801,0,0,7
50623,4.656732,0,0,7
52244,4.6624517,0,0,7
52202,4.6706643,0,0,7
54363,4.6965013,0,0,7
52369,4.7644224,0,0,7
55245,4.767287,0,0,7
50960,4.8665557,0,0,7
55122,4.9116826,0,0,7
53161,4.9136596,0,0,7
53497,4.951386,0,0,7
50612,4.968567,0,0,7
55284,5.001356,0,0,7
51171,5.013165,0,0,7
54223,5.1129518,0,0,7
53121,5.154271,0,0,7
53348,5.396867,0,0,7
50726,5.3968873,0,0,7
51299,5.440075,0,0,7
52468,5.5712123,0,0,7
51507,5.6686316,0,0,7
52408,5.6954265,0,0,7
54073,5.7747188,0,0,7
53810,5.7959576,0,0,7
53316,5.8015575,0,0,7
50826,5.841229,0,0,7
55331,5.873795,0,0,7
51045,5.913031,0,0,7
52900,5.9149857,0,0,7
50420,5.953425,0,0,7
53968,6.0167813,0,0,7
53753,6.0268087,0,0,7
54720,6.07824,0,0,7
54790,6.183321,0,0,7
52584,6.206556,0,0,7
51243,6.284128,0,0,7
52995,6.357727,0,0,7
50381,6.392169,0,0,7
53311,6.4868646,0,0,7
53395,6.508828,0,0,7
53364,6.7333674,0,0,7
54542,6.7508125,0,0,7
51124,6.7688107,0,0,7
53459,6.773938,0,0,7
53254,6.8005505,0,0,7
51401,6.8041115,0,0,7
54914,6.9300375,0,0,7
53932,6.9341702,0,0,7
53072,6.9407477,0,0,7
51990,7.0335073,0,0,7
53835,7.094693,0,0,7
51677,7.106202,0,0,7
51048,7.251333,0,0,7
53177,7.3588967,0,0,7
55491,7.4567924,0,0,7
52576,7.580015,0,0,7
51213,7.8143992,0,0,7
55165,7.8767247,0,0,7
52296,7.9395733,0,0,8
52871,8.041237,0,0,8
52030,8.110035,0,0,8
53052,8.289957,0,0,8
53250,8.441608,0,0,8
52420,8.461533,0,0,8
55409,8.666572,0,0,8
55623,8.673362,0,0,8
52416,8.702591,0,0,8
55339,8.802672,0,0,8
53704,8.892408,0,0,8
50332,8.895692,0,0,8
54151,8.926505,0,0,8
54057,9.003364,0,0,8
52594,9.116596,0,0,8
50479,9.197717,0,0,8
53639,9.213946,0,0,8
51892,9.434453,0,0,8
50422,9.579933,0,0,8
54315,9.757139,0,0,8
53553,9.826658,0,0,8
52800,9.937569,0,0,8
53840,10.016857,0,0,8
54852,10.056031,0,0,8
51896,10.161702,0,0,8
55588,10.2365265,0,0,8
55235,10.276909,0,0,8
51842,10.326719,0,0,8
55031,10.347405,0,0,8
55063,10.37914,0,0,8
51971,10.3807125,0,0,8
54157,10.412491,0,0,8
50711,10.491967,0,0,8
52181,10.491967,0,0,8
51858,10.542542,0,0,8
54934,10.614719,0,0,8
50101,10.666348,0,0,8
54176,10.945134,0,0,8
50809,11.005313,0,0,8
51258,11.023862,0,0,8
51743,11.093858,0,0,8
54744,11.134384,0,0,8
51302,11.235246,0,0,8
51783,11.340493,0,0,8
54994,11.377946,0,0,8
54710,11.422938,0,0,8
50853,11.724039,0,0,8
54500,11.743561,0,0,8
51480,11.840324,0,0,8
53306,11.848703,0,0,8
53502,11.893296,0,0,8
54972,11.893296,0,0,8
53765,11.966426,0,0,8
53359,12.403635,0,0,8
55094,12.631152,0,0,8
54126,12.693085,0,0,8
50887,12.867643,0,0,8
51844,12.98237,0,0,8
53329,13.6973095,0,0,8
50256,13.959807,0,0,8
51386,14.226285,0,0,8
53196,14.35779,0,0,8
52214,14.493175,0,0,8
54890,14.593032,0,0,8
55154,14.74777,0,0,8
55563,15.11901,0,0,8
53335,15.137484,0,0,8
52891,15.160169,0,0,8
50837,15.598856,0,0,8
52307,15.598856,0,0,8
51630,15.757701,0,0,8
51094,15.807772,0,0,8
53716,15.911676,0,0,8
53561,16.014364,0,0,8
52335,16.16713,0,0,8
55082,16.523426,0,0,8
51249,17.131884,0,0,8
50744,17.291414,0,0,8
53969,17.804735,0,0,8
50326,18.102177,0,0,8
55087,18.544891,0,0,8
53241,18.914553,0,0,8
53859,19.43669,0,0,8
53600,19.491776,0,0,8
53415,19.527855,0,0,8
51479,19.620901,0,0,8
55575,19.960085,0,0,8
52728,20.10663,0,0,8
50901,20.442884,0,0,8
51984,20.477125,0,0,8
53532,20.571337,0,0,8
51861,21.0204,0,0,8
51072,21.304691,0,0,8
50865,21.536251,0,0,8
52001,21.905788,0,0,8
52031,22.702631,0,0,8
53941,23.584808,0,0,8
55431,23.991596,0,0,8
52826,25.108381,0,1,8
52017,25.126413,0,0,8
54164,25.74145,0,0,8
51298,26.289845,0,0,8
54885,27.413904,0,0,8
50765,28.467104,0,0,8
54206,28.48206,0,1,8
53256,28.879175,0,0,8
54104,29.062706,0,0,8
52526,29.830996,0,0,8
54759,30.116575,0,1,8
52187,30.905613,0,0,8
53961,30.976126,0,0,8
52235,33.618454,0,0,8
54322,33.757008,0,0,8
54077,33.829872,0,0,9
51552,36.026768,0,0,9
50488,38.38072,0,0,9
51219,38.523315,0,0,9
52732,38.768604,0,0,9
50318,39.03279,0,0,9
52483,39.23689,0,0,9
53289,39.388233,0,1,9
51363,39.624268,0,0,9
53009,39.999466,0,0,9
53393,40.194557,0,0,9
55625,41.35799,0,0,9
51389,42.803116,0,0,9
50032,45.028008,0,0,9
55583,46.844692,0,0,9
51309,47.34904,0,0,9
51964,48.819862,0,0,9
52992,50.14974,1,0,9
50510,50.456512,1,0,9
53425,50.747204,1,0,9
53580,50.930004,1,0,9
50112,51.153503,1,1,9
51582,53.205257,1,1,9
54637,54.156452,1,0,9
55272,55.451424,1,1,9
52644,55.900116,1,1,9
54040,56.726635,1,0,9
51516,58.548386,1,0,9
51932,60.722904,1,0,9
50011,60.85019,1,1,9
52199,61.947777,1,0,9
52208,63.185883,1,0,9
50292,63.394974,1,0,9
54250,63.74712,1,1,9
54630,64.76406,1,1,9
50725,65.57355,1,1,9
53165,69.88333,1,0,9
52679,69.920364,1,1,9
54497,70.83425,1,1,9
51312,72.00147,1,0,9
52457,72.583755,1,1,9
51278,73.03441,1,0,9
50196,76.77042,1,0,9
54750,77.02725,1,1,9
52748,77.37404,1,0,9
52174,77.52955,1,1,9
50298,78.79088,1,1,9
53286,78.79807,1,1,9
54127,79.20354,1,0,9
54202,79.225914,1,0,9
51585,79.29299,1,1,9
50008,79.94073,1,1,9
55273,80.58824,1,1,9
50093,80.60441,1,1,9
54957,80.858215,1,1,9
55222,81.64186,1,0,9
55200,82.603004,1,1,9
53631,82.60936,1,1,9
54775,82.658806,1,1,9
50815,83.27082,1,1,9
50861,83.27178,1,1,9
51768,83.38751,1,1,9
55499,83.649216,1,1,9
54940,83.82736,1,1,9
52203,83.946045,1,1,9
53937,84.35387,1,1,9
55407,84.35387,1,1,9
53707,84.995094,1,1,9
55177,84.995094,1,1,9
54203,85.01592,1,1,9
53487,85.22245,1,1,9
52009,85.326614,1,1,9
53277,85.75917,1,0,9
53619,86.092545,1,1,9
55018,86.35385,1,1,9
54425,86.38694,1,1,9
54400,86.544426,1,1,9
51346,86.98332,1,1,9
54746,87.07717,1,1,9
54893,87.08627,1,1,9
50193,87.14402,1,1,9
50576,87.32517,1,1,9
55244,88.116974,1,1,9
51510,88.38783,1,0,9
50444,88.46727,1,1,9
53008,88.503555,1,1,9
50297,88.68946,1,1,9
54378,88.80417,1,1,9
51328,89.203514,1,1,9
54817,89.30161,1,1,9
54756,89.43987,1,1,9
52184,89.486,1,1,9
50988,89.64683,1,1,9
50718,90.001526,1,1,9
50484,90.402374,1,1,9
51388,90.56677,1,1,9
53112,91.15965,1,1,9
50471,91.37215,1,1,9
53299,91.674385,1,1,9
54366,91.91245,1,1,9
50058,92.288246,1,1,9
51528,92.288246,1,1,9
52550,92.703896,1,1,9
53259,92.90434,1,1,9
52827,92.97849,1,1,9
51214,93.001854,1,1,9
55182,93.056725,1,1,9
53797,93.38857,1,1,9
54215,93.54533,1,0,9
54953,93.58813,1,1,9
55332,93.64549,1,1,9
53305,93.707344,1,1,9
52006,93.77693,1,1,10
50162,93.85552,1,1,10
55473,93.87318,1,1,10
52569,93.93729,1,1,10
50355,94.00904,1,1,10
54962,94.17622,1,1,10
51318,94.31499,1,1,10
50258,94.33619,1,1,10
51728,94.33619,1,1,10
52123,94.36233,1,1,10
50474,94.45722,1,1,10
52788,94.565735,1,1,10
52741,94.67105,1,1,10
55622,94.78825,1,1,10
50014,94.83946,1,1,10
54910,94.90914,1,1,10
55314,95.022446,1,1,10
50140,95.198586,1,1,10
50768,95.21295,1,1,10
51673,95.5306,1,1,10
50013,95.535736,1,1,10
50244,95.60787,1,1,10
50655,95.763954,1,1,10
50536,95.77157,1,1,10
52159,95.77343,1,1,10
55217,95.81179,1,1,10
53676,95.84564,1,1,10
54913,95.87404,1,1,10
52456,96.09281,1,1,10
52977,96.0978,1,1,10
51173,96.11496,1,1,10
52920,96.13713,1,1,10
55271,96.23124,1,1,10
53276,96.238014,1,1,10
52835,96.25292,1,1,10
52950,96.30996,1,1,10
50461,96.36963,1,1,10
50512,96.38585,1,1,10
54454,96.474495,1,1,10
53727,96.4927,1,1,10
55451,96.51782,1,1,10
52098,96.84569,1,1,10
54365,96.976715,1,1,10
52015,97.190125,1,1,10
51043,97.252884,1,1,10
50080,97.29548,1,1,10
50959,97.34667,1,1,10
52617,97.39144,1,1,10
50569,97.503006,1,1,10
53527,97.614525,1,1,10
52721,97.772316,1,1,10
52513,97.90697,1,1,10
50582,97.93545,1,1,10
52052,97.93545,1,1,10
51157,97.946266,1,1,10
54182,97.98305,1,1,10
53384,98.0796,1,1,10
51550,98.11654,1,1,10
53671,98.1888,1,1,10
54263,98.29069,1,1,10
53698,98.30252,1,1,10
53666,98.31855,1,1,10
50438,98.34478,1,1,10
52077,98.35038,1,1,10
51133,98.364815,1,1,10
50416,98.40106,1,1,10
53397,98.4783,1,1,10
55362,98.57584,1,1,10
53749,98.60728,1,1,10
50261,98.67373,1,1,10
54601,98.699394,1,1,10
51012,98.703995,1,1,10
52343,98.73913,1,1,10
54870,98.78742,1,1,10
54293,98.78785,1,1,10
52126,98.82789,1,1,10
52423,98.95527,1,1,10
52582,98.95588,1,1,10
50199,98.98819,1,1,10
50329,99.08018,1,1,10
52353,99.0858,1,1,10
50808,99.10844,1,1,10
51457,99.11991,1,1,10
55434,99.13481,1,1,10
50888,99.1437,1,1,10
55540,99.15377,1,1,10
55107,99.182205,1,1,10
55398,99.21406,1,1,10
54806,99.221535,1,1,10
50607,99.28974,1,1,10
51517,99.309265,1,1,10
51215,99.41318,1,1,10
51348,99.48713,1,1,10
55347,99.50418,1,1,10
50933,99.52136,1,1,10
50944,99.551384,1,1,10
51038,99.559204,1,1,10
53069,99.58465,1,1,10
54923,99.58623,1,1,10
55229,99.62941,1,1,10
53126,99.65952,1,1,10
52094,99.71934,1,1,10
50936,99.72026,1,1,10
53751,99.781525,1,1,10
55173,99.79491,1,1,10
51473,99.80001,1,1,10
53697,99.850426,1,1,10
54990,99.866394,1,1,10
50339,99.87617,1,1,10
51803,99.97263,1,1,10
54618,99.98221,1,1,10
54288,99.98429,1,1,10
54023,99.986626,1,1,10
